rubric_id,category,text,response_0,response_1,response_2,response_3,response_4,response_5
R001,contract formation,Identifies the father's conditional promise and the son's marriage within 18 months as offer and acceptance forming a unilateral contract.,1,1,1,1,1,0
R002,consideration,Recognizes the issue whether the son's marriage constitutes bargained-for consideration or is merely a condition on a gratuitous promise.,1,1,1,1,0,0
R004,statute of frauds,"Explains that no signed writing exists between father and son, making the oral promise unenforceable under the marriage-consideration Statute of Frauds.",1,1,1,1,0,0
R006,statute of frauds,"Analyzes the suretyship Statute of Frauds provision and concludes it likely does not apply because the promise was made to the son (debtor), not the creditor.",1,0,0,1,0,0
R008,exceptions,Evaluates promissory estoppel as a possible but weak exception to the Statute of Frauds due to weak inducement and reliance by the son.,1,1,1,1,0,0
R009,factual application,Notes that the son's prior intent to marry the politician's daughter weakens inducement and reliance for consideration and promissory estoppel.,1,1,1,1,1,0
R010,mistake,States that the father's unilateral mistake about the availability of a tax deduction does not excuse performance or affect enforceability absent express condition.,1,1,0,1,0,0
R011,conclusion,Concludes that the father's oral promise is unenforceable due to the marriage-consideration Statute of Frauds writing requirement and absence of writing.,1,1,1,1,0,0
R012,doctrinal accuracy,Avoids material doctrinal error by not conflating the one-year provision with the marriage-consideration Statute of Frauds requirement.,1,1,1,1,0,0
R014,counterarguments,Includes counterarguments such as the son's prior intent negating inducement and the possibility of promissory estoppel.,1,1,1,1,0,0
R016,issue,The response identifies the controlling legal issue raised by the facts.,1,1,1,1,0,0
R018,counterargument,The response addresses the principal counterargument or defense when relevant.,1,1,1,1,0,0
R025,element,The response addresses the element of Main purpose of promisor.,1,1,1,1,0,0
